username,profileUrl,isOnline,numProducts,numReviews,steamLevel,idBadge,isInGame,inGameId,inGameStatus
Angelica_Cassin,https://picsum.photos/seed/0/100,true,51,5,11,9,true,36,"Use the back-end SQL array, then you can quantify the bluetooth microchip!"
Jena11,https://picsum.photos/seed/50/100,false,20,8,9,11,false,,
Rex_Watsica2,https://picsum.photos/seed/100/100,true,181,54,48,16,false,,
Tanya13,https://picsum.photos/seed/150/100,false,80,25,8,6,false,,
Lee_Hagenes14,https://picsum.photos/seed/200/100,false,145,39,20,11,false,,
Hillard_Brekke,https://picsum.photos/seed/250/100,true,172,2,12,15,false,,
Nicholaus.Monahan,https://picsum.photos/seed/300/100,true,51,13,5,1,true,82,"hacking the interface won't do anything, we need to copy the optical FTP driver!"
Marcella.Labadie62,https://picsum.photos/seed/350/100,false,180,161,34,13,false,,
Lorine.Goldner76,https://picsum.photos/seed/400/100,false,163,69,4,13,false,,
Lorena50,https://picsum.photos/seed/450/100,true,9,9,14,13,false,,
Dimitri.Gottlieb74,https://picsum.photos/seed/500/100,true,123,40,31,4,false,,
Granville_Raynor,https://picsum.photos/seed/550/100,true,133,81,19,6,true,52,"compressing the capacitor won't do anything, we need to transmit the online HDD circuit!"
Layne9,https://picsum.photos/seed/600/100,false,193,109,13,6,false,,
Monserrate_Ondricka13,https://picsum.photos/seed/650/100,false,134,24,5,16,false,,
Vernie_Heller80,https://picsum.photos/seed/700/100,false,186,14,21,15,false,,
Bernie_Doyle,https://picsum.photos/seed/750/100,true,82,16,39,6,true,21,You can't copy the port without calculating the virtual PNG feed!
Leif.Grady,https://picsum.photos/seed/800/100,false,166,123,48,15,false,,
Brenden_Botsford,https://picsum.photos/seed/850/100,true,194,12,35,10,true,3,"overriding the bandwidth won't do anything, we need to input the neural SMS capacitor!"
Alessandra_Schimmel4,https://picsum.photos/seed/900/100,false,87,35,28,2,false,,
Rosalyn_Runte87,https://picsum.photos/seed/950/100,false,153,24,19,7,false,,
Kristoffer.Hansen2,https://picsum.photos/seed/1000/100,false,31,29,39,7,false,,
Miguel_Carter22,https://picsum.photos/seed/1050/100,false,44,14,44,7,false,,
Burley_Frami,https://picsum.photos/seed/1100/100,false,136,17,48,15,false,,
Jennyfer.Hegmann7,https://picsum.photos/seed/1150/100,true,112,29,18,14,false,,
Noemi.Green,https://picsum.photos/seed/1200/100,true,198,183,12,9,true,87,"I'll override the online AI alarm, that should card the JBOD sensor!"
Gunner.Rath92,https://picsum.photos/seed/1250/100,false,109,69,46,15,false,,
Mandy_Feeney,https://picsum.photos/seed/1300/100,false,165,138,37,5,false,,
Houston_Schulist41,https://picsum.photos/seed/1350/100,true,19,5,38,4,true,33,We need to quantify the multi-byte PCI alarm!
Juliana_Glover,https://picsum.photos/seed/1400/100,false,83,70,28,6,false,,
Grady.Lindgren18,https://picsum.photos/seed/1450/100,true,45,36,13,5,false,,
Renee_Flatley,https://picsum.photos/seed/1500/100,true,160,158,13,10,false,,
Verda0,https://picsum.photos/seed/1550/100,true,37,32,48,15,false,,
Aliya.Wyman,https://picsum.photos/seed/1600/100,true,20,18,36,9,true,49,"Use the primary SSL application, then you can back up the haptic card!"
Mya.Gulgowski11,https://picsum.photos/seed/1650/100,false,143,140,35,1,false,,
Cecile_Carter,https://picsum.photos/seed/1700/100,true,6,5,35,2,false,,
Selmer.Hilll67,https://picsum.photos/seed/1750/100,true,10,2,5,12,true,65,"If we program the firewall, we can get to the AGP application through the virtual RAM pixel!"
Ubaldo.Weissnat,https://picsum.photos/seed/1800/100,false,164,151,24,1,false,,
Brendon_Wyman,https://picsum.photos/seed/1850/100,true,75,53,12,8,true,98,"The AI alarm is down, program the primary capacitor so we can connect the SDD panel!"
Gene35,https://picsum.photos/seed/1900/100,false,95,29,38,11,false,,
Webster.Von,https://picsum.photos/seed/1950/100,true,167,120,7,2,true,52,"copying the interface won't do anything, we need to synthesize the digital EXE bus!"
Bertha_Bartoletti,https://picsum.photos/seed/2000/100,true,69,48,16,8,true,48,"I'll parse the primary EXE microchip, that should firewall the XSS bandwidth!"
Aiden_Hammes13,https://picsum.photos/seed/2050/100,false,72,61,42,14,false,,
Elaina.Emard,https://picsum.photos/seed/2100/100,true,69,53,45,7,false,,
Corine87,https://picsum.photos/seed/2150/100,true,105,75,38,2,false,,
Rico.Grimes,https://picsum.photos/seed/2200/100,false,58,5,46,4,false,,
Garrett.Yost,https://picsum.photos/seed/2250/100,true,84,13,11,16,false,,
Abbigail56,https://picsum.photos/seed/2300/100,false,100,83,6,11,false,,
Kara_Funk81,https://picsum.photos/seed/2350/100,false,112,52,2,10,false,,
Hugh11,https://picsum.photos/seed/2400/100,true,45,18,26,2,true,7,We need to bypass the haptic HDD application!
Laura73,https://picsum.photos/seed/2450/100,true,9,1,29,13,false,,
Gloria.Kilback,https://picsum.photos/seed/2500/100,true,179,96,12,13,true,57,You can't quantify the capacitor without bypassing the wireless SMS system!
German_Homenick38,https://picsum.photos/seed/2550/100,true,39,18,9,2,true,13,"If we back up the capacitor, we can get to the AGP sensor through the multi-byte PNG array!"
Lester45,https://picsum.photos/seed/2600/100,true,139,137,34,1,true,72,"indexing the alarm won't do anything, we need to program the bluetooth RSS program!"
Roman.Bartell33,https://picsum.photos/seed/2650/100,false,40,10,36,1,false,,
Florian.Haag96,https://picsum.photos/seed/2700/100,true,19,5,29,12,true,28,"Use the auxiliary SSL hard drive, then you can bypass the auxiliary interface!"
Vella10,https://picsum.photos/seed/2750/100,true,7,4,40,15,false,,
Ewell.McKenzie,https://picsum.photos/seed/2800/100,true,8,5,3,1,true,33,"I'll hack the solid state AI port, that should alarm the AGP card!"
Clare.Sipes10,https://picsum.photos/seed/2850/100,false,100,11,33,16,false,,
Jamil.Stoltenberg,https://picsum.photos/seed/2900/100,false,186,41,49,1,false,,
Berneice63,https://picsum.photos/seed/2950/100,true,120,120,6,9,false,,
Hanna_Lebsack,https://picsum.photos/seed/3000/100,true,29,23,6,1,false,,
Elisabeth.Schowalter,https://picsum.photos/seed/3050/100,true,174,56,50,1,true,64,"I'll compress the multi-byte IB port, that should monitor the ADP circuit!"
Bernie.Waters4,https://picsum.photos/seed/3100/100,false,22,3,49,2,false,,
Imelda_Tremblay96,https://picsum.photos/seed/3150/100,false,118,67,28,11,false,,
Filiberto_Waters,https://picsum.photos/seed/3200/100,true,156,32,3,5,false,,
Cicero39,https://picsum.photos/seed/3250/100,true,153,14,16,10,true,9,"The SCSI feed is down, index the optical monitor so we can navigate the SCSI program!"
Abbigail_Durgan,https://picsum.photos/seed/3300/100,true,9,4,5,15,false,,
Jeromy.Schneider,https://picsum.photos/seed/3350/100,true,47,30,41,16,false,,
Dayton.Watsica,https://picsum.photos/seed/3400/100,true,113,12,32,12,false,,
Gay_Feil,https://picsum.photos/seed/3450/100,false,122,45,21,8,false,,
Eddie_Doyle70,https://picsum.photos/seed/3500/100,true,60,23,28,4,false,,
Gail.Kessler,https://picsum.photos/seed/3550/100,true,20,11,4,1,false,,
Montana_Bradtke,https://picsum.photos/seed/3600/100,true,153,2,37,11,false,,
Ruthe.Champlin,https://picsum.photos/seed/3650/100,false,185,80,12,12,false,,
Verna.Wolff60,https://picsum.photos/seed/3700/100,true,42,41,34,13,true,42,"Use the virtual XML protocol, then you can generate the optical application!"
Alanis_Pacocha,https://picsum.photos/seed/3750/100,true,156,26,27,3,false,,
Martin.Purdy,https://picsum.photos/seed/3800/100,false,133,80,7,6,false,,
Alison.Wuckert64,https://picsum.photos/seed/3850/100,true,166,159,47,9,false,,
Rodrigo21,https://picsum.photos/seed/3900/100,true,19,19,36,12,false,,
Richmond6,https://picsum.photos/seed/3950/100,true,156,131,41,6,false,,
Kenna16,https://picsum.photos/seed/4000/100,true,157,35,22,15,false,,
Marlin_Denesik20,https://picsum.photos/seed/4050/100,true,41,11,45,5,false,,
Dillon_Quitzon24,https://picsum.photos/seed/4100/100,true,111,14,13,12,true,37,We need to program the digital GB feed!
Zola42,https://picsum.photos/seed/4150/100,false,102,91,25,2,false,,
Norene.Hane76,https://picsum.photos/seed/4200/100,true,165,73,14,7,true,90,You can't program the array without generating the cross-platform AI alarm!
Mariah_Flatley,https://picsum.photos/seed/4250/100,true,136,58,9,13,false,,
Angel33,https://picsum.photos/seed/4300/100,true,156,91,30,7,true,66,You can't compress the protocol without calculating the open-source SAS feed!
Amara19,https://picsum.photos/seed/4350/100,false,132,19,49,1,false,,
Rafael7,https://picsum.photos/seed/4400/100,false,10,1,2,12,false,,
Maverick.Connelly67,https://picsum.photos/seed/4450/100,false,177,162,38,15,false,,
Don_Gutkowski,https://picsum.photos/seed/4500/100,false,129,21,3,9,false,,
Estell81,https://picsum.photos/seed/4550/100,false,31,6,4,15,false,,
Braden_Schaefer51,https://picsum.photos/seed/4600/100,false,81,1,49,14,false,,
Samara_Zboncak66,https://picsum.photos/seed/4650/100,false,42,24,2,12,false,,
Alexandrea.Stracke,https://picsum.photos/seed/4700/100,false,50,20,11,7,false,,
Simone_Gleichner,https://picsum.photos/seed/4750/100,true,161,35,21,4,true,27,"Try to bypass the COM hard drive, maybe it will synthesize the multi-byte driver!"
Lucie_Cremin,https://picsum.photos/seed/4800/100,false,140,78,43,8,false,,
Benton_Willms92,https://picsum.photos/seed/4850/100,false,182,57,46,11,false,,
Bret.Schulist54,https://picsum.photos/seed/4900/100,false,198,9,33,6,false,,
Abagail_Lebsack,https://picsum.photos/seed/4950/100,false,68,54,43,16,false,,
Sanford_Gibson99,https://picsum.photos/seed/5000/100,true,25,10,44,2,false,,
Casey.Hudson99,https://picsum.photos/seed/5050/100,false,59,45,46,14,false,,
Deanna.Schinner,https://picsum.photos/seed/5100/100,true,139,2,1,3,true,42,"If we transmit the system, we can get to the IB alarm through the digital SAS system!"
Walter13,https://picsum.photos/seed/5150/100,true,148,81,3,4,false,,
Carissa.Metz99,https://picsum.photos/seed/5200/100,false,158,8,48,14,false,,
Kaela_Walter,https://picsum.photos/seed/5250/100,true,44,35,43,12,true,71,"programming the circuit won't do anything, we need to reboot the haptic RAM circuit!"
Jana.Gutkowski36,https://picsum.photos/seed/5300/100,false,115,29,30,14,false,,
Prudence_Kuhlman22,https://picsum.photos/seed/5350/100,false,129,82,31,8,false,,
Lavina.Ondricka,https://picsum.photos/seed/5400/100,false,3,1,10,2,false,,
Rachael_Hirthe,https://picsum.photos/seed/5450/100,false,83,68,36,1,false,,
Gaetano_Friesen,https://picsum.photos/seed/5500/100,true,115,95,4,10,false,,
Layla.Kunde,https://picsum.photos/seed/5550/100,false,25,25,35,5,false,,
Emilia41,https://picsum.photos/seed/5600/100,true,140,51,20,3,true,99,We need to compress the optical SCSI driver!
Fatima.Upton,https://picsum.photos/seed/5650/100,true,199,154,47,14,true,44,"I'll hack the back-end XSS firewall, that should capacitor the SMTP microchip!"
Enoch.Sanford,https://picsum.photos/seed/5700/100,true,50,31,17,16,true,25,You can't connect the driver without backing up the cross-platform SMTP transmitter!
Efrain_Cummerata36,https://picsum.photos/seed/5750/100,false,54,43,28,13,false,,
Horace_Larson7,https://picsum.photos/seed/5800/100,false,100,42,18,11,false,,
Emelia33,https://picsum.photos/seed/5850/100,true,17,8,18,11,false,,
Caden.Stokes77,https://picsum.photos/seed/5900/100,false,97,37,29,6,false,,
Providenci_McCullough79,https://picsum.photos/seed/5950/100,false,152,39,43,2,false,,
Derick_Homenick63,https://picsum.photos/seed/6000/100,false,62,25,48,10,false,,
Michele.McKenzie,https://picsum.photos/seed/6050/100,false,125,98,48,8,false,,
Janie.OKon,https://picsum.photos/seed/6100/100,false,102,53,26,3,false,,
Dock51,https://picsum.photos/seed/6150/100,true,60,21,4,16,true,96,"Try to connect the JSON interface, maybe it will calculate the back-end alarm!"
Tre_Gusikowski52,https://picsum.photos/seed/6200/100,true,77,42,14,5,false,,
Frankie.Rippin,https://picsum.photos/seed/6250/100,true,62,3,46,8,true,95,"The RSS system is down, quantify the virtual feed so we can navigate the PCI array!"
Jordyn_Upton18,https://picsum.photos/seed/6300/100,false,141,44,33,7,false,,
Erling59,https://picsum.photos/seed/6350/100,true,7,7,36,8,true,95,"Try to bypass the XML alarm, maybe it will index the haptic bus!"
Ariel54,https://picsum.photos/seed/6400/100,false,192,85,43,10,false,,
Cordia_Boyle57,https://picsum.photos/seed/6450/100,false,134,62,2,2,false,,
Krystal_Harber27,https://picsum.photos/seed/6500/100,true,107,62,39,3,true,35,You can't program the card without quantifying the primary EXE firewall!
Silas68,https://picsum.photos/seed/6550/100,true,16,13,41,3,true,52,"overriding the array won't do anything, we need to back up the multi-byte JBOD microchip!"
Rossie.Mertz59,https://picsum.photos/seed/6600/100,false,24,3,49,7,false,,
Theo_Dooley,https://picsum.photos/seed/6650/100,true,162,27,49,16,false,,
Magdalen_Armstrong,https://picsum.photos/seed/6700/100,true,16,4,6,7,true,89,"I'll generate the cross-platform SSL driver, that should firewall the TCP protocol!"
Jessika_Beier62,https://picsum.photos/seed/6750/100,false,122,105,25,16,false,,
Preston30,https://picsum.photos/seed/6800/100,false,173,127,28,14,false,,
Xzavier33,https://picsum.photos/seed/6850/100,true,29,5,4,4,true,56,"Try to calculate the XSS sensor, maybe it will calculate the auxiliary capacitor!"
Kiera.Bradtke39,https://picsum.photos/seed/6900/100,false,22,1,27,8,false,,
Noah_Hills,https://picsum.photos/seed/6950/100,true,166,109,46,7,false,,
Elza.Mann,https://picsum.photos/seed/7000/100,true,93,68,2,6,true,3,"Use the online HTTP array, then you can reboot the online array!"
Rolando52,https://picsum.photos/seed/7050/100,false,10,8,36,9,false,,
Lewis_Brown,https://picsum.photos/seed/7100/100,false,183,9,23,8,false,,
Millie_Gerhold,https://picsum.photos/seed/7150/100,false,78,14,1,10,false,,
Dillon.Wisozk,https://picsum.photos/seed/7200/100,true,24,13,47,6,false,,
Yasmine77,https://picsum.photos/seed/7250/100,false,182,113,12,12,false,,
Verdie.Pouros,https://picsum.photos/seed/7300/100,true,88,79,36,3,true,5,"Use the wireless JBOD pixel, then you can copy the open-source microchip!"
Justine22,https://picsum.photos/seed/7350/100,true,153,146,26,12,false,,
Annamae85,https://picsum.photos/seed/7400/100,false,89,52,28,16,false,,
Kailey62,https://picsum.photos/seed/7450/100,true,60,47,7,15,false,,
Leonor.Brakus50,https://picsum.photos/seed/7500/100,true,199,152,17,10,false,,
London45,https://picsum.photos/seed/7550/100,true,60,6,7,11,true,24,"backing up the hard drive won't do anything, we need to back up the digital AI application!"
Trycia_Harber34,https://picsum.photos/seed/7600/100,true,180,170,46,11,true,16,You can't reboot the driver without navigating the multi-byte SAS application!
Eriberto.Hartmann95,https://picsum.photos/seed/7650/100,false,86,30,7,2,false,,
Aaliyah.Kohler49,https://picsum.photos/seed/7700/100,false,65,9,44,2,false,,
Neha.Osinski39,https://picsum.photos/seed/7750/100,false,5,1,8,15,false,,
Gaston80,https://picsum.photos/seed/7800/100,true,35,15,12,7,true,6,We need to transmit the back-end COM protocol!
Felicia.Hahn5,https://picsum.photos/seed/7850/100,false,160,67,21,16,false,,
Amira66,https://picsum.photos/seed/7900/100,true,63,53,47,6,true,42,"The PNG card is down, back up the multi-byte array so we can transmit the XSS protocol!"
Jane_Ondricka,https://picsum.photos/seed/7950/100,true,86,7,48,13,true,40,"Try to compress the TCP port, maybe it will compress the online bandwidth!"
Gregory.OConnell75,https://picsum.photos/seed/8000/100,false,98,46,11,3,false,,
Bart.Bayer,https://picsum.photos/seed/8050/100,true,76,73,30,7,false,,
Susanna94,https://picsum.photos/seed/8100/100,false,196,174,34,6,false,,
Stan.Berge,https://picsum.photos/seed/8150/100,false,59,23,15,2,false,,
Creola_Zulauf,https://picsum.photos/seed/8200/100,false,68,40,34,2,false,,
Frederik9,https://picsum.photos/seed/8250/100,true,82,19,36,7,true,51,"quantifying the system won't do anything, we need to reboot the back-end COM interface!"
Millie18,https://picsum.photos/seed/8300/100,false,39,33,43,15,false,,
Emmanuelle10,https://picsum.photos/seed/8350/100,false,10,4,49,15,false,,
Nash.Medhurst,https://picsum.photos/seed/8400/100,false,13,13,9,10,false,,
Elmira_Beahan12,https://picsum.photos/seed/8450/100,false,75,9,11,2,false,,
Delaney.Cruickshank38,https://picsum.photos/seed/8500/100,false,86,38,6,14,false,,
Daisha.King29,https://picsum.photos/seed/8550/100,false,198,21,16,5,false,,
Chelsey84,https://picsum.photos/seed/8600/100,true,105,48,21,15,false,,
Adam.Bins26,https://picsum.photos/seed/8650/100,true,12,10,19,8,false,,
Dexter_Leannon15,https://picsum.photos/seed/8700/100,false,145,34,23,3,false,,
Anissa_Crooks,https://picsum.photos/seed/8750/100,false,22,17,21,2,false,,
Rachael.Ernser,https://picsum.photos/seed/8800/100,true,12,9,36,12,false,,
Peyton.Bayer,https://picsum.photos/seed/8850/100,false,129,5,31,4,false,,
Dolores72,https://picsum.photos/seed/8900/100,true,56,23,47,15,true,94,"I'll index the haptic GB panel, that should interface the JSON pixel!"
Julius.Gleichner,https://picsum.photos/seed/8950/100,true,67,2,41,9,true,76,"If we override the capacitor, we can get to the FTP feed through the virtual SDD array!"
Brenna.Buckridge,https://picsum.photos/seed/9000/100,true,185,169,17,16,false,,
Nestor_Schaefer9,https://picsum.photos/seed/9050/100,false,28,24,12,10,false,,
Maye.Rempel,https://picsum.photos/seed/9100/100,false,140,91,29,1,false,,
Mazie_Schneider,https://picsum.photos/seed/9150/100,true,198,21,9,10,false,,
Rosalia23,https://picsum.photos/seed/9200/100,false,122,73,50,9,false,,
Brandyn.Greenfelder21,https://picsum.photos/seed/9250/100,true,149,62,24,9,true,56,"The SSL port is down, reboot the digital transmitter so we can program the JSON monitor!"
Karine59,https://picsum.photos/seed/9300/100,false,44,10,42,11,false,,
Hayley_Turcotte59,https://picsum.photos/seed/9350/100,false,84,42,9,14,false,,
Garrick98,https://picsum.photos/seed/9400/100,true,101,96,12,16,true,48,"If we synthesize the hard drive, we can get to the PCI system through the optical SDD driver!"
Grayson.Beahan60,https://picsum.photos/seed/9450/100,false,130,66,43,5,false,,
Amelia38,https://picsum.photos/seed/9500/100,true,31,30,39,9,false,,
Camron_Kling50,https://picsum.photos/seed/9550/100,false,192,185,50,6,false,,
Aliyah78,https://picsum.photos/seed/9600/100,false,92,71,39,13,false,,
Herminia_West28,https://picsum.photos/seed/9650/100,true,158,65,26,7,true,57,"Try to connect the SMS interface, maybe it will transmit the mobile matrix!"
Davin42,https://picsum.photos/seed/9700/100,true,151,76,50,11,false,,
Adelle11,https://picsum.photos/seed/9750/100,false,197,128,1,8,false,,
Maureen_Reichel99,https://picsum.photos/seed/9800/100,false,144,27,30,16,false,,
Ayla41,https://picsum.photos/seed/9850/100,false,163,82,47,13,false,,
Maybell14,https://picsum.photos/seed/9900/100,false,23,19,32,4,false,,
Roosevelt.Morissette65,https://picsum.photos/seed/9950/100,false,131,64,27,3,false,,
Vilma62,https://picsum.photos/seed/10000/100,false,33,7,36,2,false,,
Vicente_Carter11,https://picsum.photos/seed/10050/100,false,35,6,28,16,false,,
Pascale.Hermiston,https://picsum.photos/seed/10100/100,false,170,59,12,13,false,,
Celestino_Hilll,https://picsum.photos/seed/10150/100,false,70,48,45,12,false,,
Mariano.Smitham,https://picsum.photos/seed/10200/100,true,112,63,38,14,false,,
Jovani61,https://picsum.photos/seed/10250/100,false,39,37,14,3,false,,
Cassandra_Farrell,https://picsum.photos/seed/10300/100,true,114,83,6,13,false,,
Irwin.Feest85,https://picsum.photos/seed/10350/100,true,143,125,42,10,false,,
Bethany_Walsh67,https://picsum.photos/seed/10400/100,true,18,9,44,14,false,,
Rory79,https://picsum.photos/seed/10450/100,false,13,8,22,8,false,,
Patsy_Krajcik71,https://picsum.photos/seed/10500/100,false,148,7,39,11,false,,
Janelle.Hamill,https://picsum.photos/seed/10550/100,true,123,18,31,1,false,,
Jerrell.Wolf28,https://picsum.photos/seed/10600/100,true,101,19,10,7,false,,
Emmanuelle16,https://picsum.photos/seed/10650/100,true,109,99,28,16,true,7,"The AGP interface is down, parse the 1080p panel so we can input the SQL interface!"
Albin50,https://picsum.photos/seed/10700/100,true,153,129,23,12,false,,
Julia.Runolfsson,https://picsum.photos/seed/10750/100,false,118,82,2,9,false,,
Abigail_Kreiger49,https://picsum.photos/seed/10800/100,true,135,79,23,16,true,82,"The IB port is down, generate the haptic card so we can connect the RSS bandwidth!"
Stella.Hudson,https://picsum.photos/seed/10850/100,true,58,46,40,6,true,99,"Use the virtual FTP port, then you can back up the neural interface!"
Cristina_Powlowski,https://picsum.photos/seed/10900/100,false,173,116,38,13,false,,
Danyka37,https://picsum.photos/seed/10950/100,false,48,20,21,11,false,,
Darius2,https://picsum.photos/seed/11000/100,false,166,22,49,7,false,,
Adelbert_Champlin24,https://picsum.photos/seed/11050/100,true,54,7,12,9,false,,
Salma_Strosin54,https://picsum.photos/seed/11100/100,true,110,80,35,1,false,,
Ruben15,https://picsum.photos/seed/11150/100,true,78,10,17,9,false,,
Buster_Dooley,https://picsum.photos/seed/11200/100,true,118,10,27,7,false,,
Lawson_Zieme25,https://picsum.photos/seed/11250/100,false,47,3,22,2,false,,
Johnnie56,https://picsum.photos/seed/11300/100,false,57,57,38,6,false,,
Stuart54,https://picsum.photos/seed/11350/100,false,168,108,3,1,false,,
Gilda0,https://picsum.photos/seed/11400/100,false,108,32,38,9,false,,
Merritt11,https://picsum.photos/seed/11450/100,true,66,15,15,14,true,83,"Try to generate the PNG feed, maybe it will program the primary card!"
Delores41,https://picsum.photos/seed/11500/100,false,130,28,27,3,false,,
Brooklyn74,https://picsum.photos/seed/11550/100,false,152,132,19,5,false,,
Maude90,https://picsum.photos/seed/11600/100,true,176,112,30,3,false,,
Friedrich.Pagac18,https://picsum.photos/seed/11650/100,true,117,50,4,1,true,38,We need to quantify the mobile COM card!
Cruz64,https://picsum.photos/seed/11700/100,true,151,25,30,11,false,,
Jordan.Denesik,https://picsum.photos/seed/11750/100,false,122,49,41,1,false,,
Floyd_Runolfsdottir89,https://picsum.photos/seed/11800/100,false,157,60,50,16,false,,
Tiara_Metz,https://picsum.photos/seed/11850/100,false,127,37,37,12,false,,
June.Rau23,https://picsum.photos/seed/11900/100,false,18,14,8,6,false,,
Jess.Fay78,https://picsum.photos/seed/11950/100,false,199,170,41,8,false,,
Arely_Effertz73,https://picsum.photos/seed/12000/100,true,145,30,35,13,true,91,"overriding the sensor won't do anything, we need to back up the 1080p PNG interface!"
Madelynn_Runolfsson13,https://picsum.photos/seed/12050/100,false,173,115,48,9,false,,
Abby90,https://picsum.photos/seed/12100/100,true,154,5,43,11,true,74,"Use the cross-platform RSS array, then you can calculate the online system!"
Clinton41,https://picsum.photos/seed/12150/100,false,146,103,41,3,false,,
Nicola.Kiehn32,https://picsum.photos/seed/12200/100,true,123,93,49,15,false,,
Mylene.Morissette23,https://picsum.photos/seed/12250/100,false,147,5,6,3,false,,
Deion59,https://picsum.photos/seed/12300/100,false,80,52,9,11,false,,
Torey_Rippin,https://picsum.photos/seed/12350/100,true,17,9,16,14,true,58,"Try to compress the SMS microchip, maybe it will generate the bluetooth port!"
Kenny91,https://picsum.photos/seed/12400/100,true,168,73,37,9,false,,
Mervin64,https://picsum.photos/seed/12450/100,true,27,14,10,7,true,66,"The SQL card is down, bypass the bluetooth firewall so we can program the XML array!"
Emmalee.Hansen85,https://picsum.photos/seed/12500/100,false,152,77,25,11,false,,
Morgan1,https://picsum.photos/seed/12550/100,true,44,14,42,7,false,,
Candace.Hackett23,https://picsum.photos/seed/12600/100,false,166,47,5,15,false,,
Laurence.Hirthe18,https://picsum.photos/seed/12650/100,true,82,66,2,6,false,,
Ernestine34,https://picsum.photos/seed/12700/100,false,58,4,46,4,false,,
Shyann54,https://picsum.photos/seed/12750/100,true,188,101,3,12,false,,
Johathan43,https://picsum.photos/seed/12800/100,false,42,22,35,6,false,,
Audra67,https://picsum.photos/seed/12850/100,false,154,48,3,3,false,,
Claudia92,https://picsum.photos/seed/12900/100,true,103,23,6,6,true,89,"The THX bandwidth is down, back up the digital microchip so we can reboot the SCSI pixel!"
Malachi_Gleason,https://picsum.photos/seed/12950/100,false,48,48,50,7,false,,
Coy.Stracke54,https://picsum.photos/seed/13000/100,true,176,104,30,3,false,,
Randall_Pacocha,https://picsum.photos/seed/13050/100,true,48,9,37,5,false,,
Cathrine.McCullough,https://picsum.photos/seed/13100/100,false,94,46,17,5,false,,
Alycia3,https://picsum.photos/seed/13150/100,true,76,73,1,13,true,97,We need to connect the redundant HDD panel!
Eve.Jast65,https://picsum.photos/seed/13200/100,false,148,131,31,16,false,,
Eliseo.Brakus,https://picsum.photos/seed/13250/100,true,7,6,47,4,true,60,"If we hack the capacitor, we can get to the FTP protocol through the redundant XML pixel!"
Annalise78,https://picsum.photos/seed/13300/100,true,129,60,28,3,false,,
Christopher36,https://picsum.photos/seed/13350/100,false,197,113,19,7,false,,
Norene.Upton,https://picsum.photos/seed/13400/100,true,144,97,19,11,true,71,"Use the mobile SMTP pixel, then you can index the redundant circuit!"
Alvina93,https://picsum.photos/seed/13450/100,false,94,61,4,10,false,,
Ryley_McClure,https://picsum.photos/seed/13500/100,false,173,67,41,7,false,,
Pearline_Bins30,https://picsum.photos/seed/13550/100,false,55,35,43,10,false,,
Alejandra.Hermiston53,https://picsum.photos/seed/13600/100,false,87,53,33,9,false,,
Kattie.Koss98,https://picsum.photos/seed/13650/100,false,96,8,19,8,false,,
Esta25,https://picsum.photos/seed/13700/100,true,133,103,50,8,true,7,We need to back up the 1080p AI bandwidth!
Oran79,https://picsum.photos/seed/13750/100,false,77,62,41,10,false,,
Maurice.Nicolas95,https://picsum.photos/seed/13800/100,false,107,86,29,6,false,,
Vida.Hodkiewicz,https://picsum.photos/seed/13850/100,false,118,12,3,13,false,,
Jeremie23,https://picsum.photos/seed/13900/100,true,47,44,9,1,false,,
Marley.Auer,https://picsum.photos/seed/13950/100,true,127,60,21,7,true,56,"synthesizing the application won't do anything, we need to input the multi-byte AGP capacitor!"
Kamryn_Bernier,https://picsum.photos/seed/14000/100,false,165,24,26,14,false,,
Chaim_Grimes11,https://picsum.photos/seed/14050/100,false,18,13,35,8,false,,
Darren75,https://picsum.photos/seed/14100/100,true,33,28,7,16,true,75,"Try to program the RSS system, maybe it will generate the mobile card!"
Ewald_Schiller,https://picsum.photos/seed/14150/100,true,63,54,1,15,false,,
Finn.Homenick,https://picsum.photos/seed/14200/100,true,117,16,13,12,false,,
Johathan_Kerluke32,https://picsum.photos/seed/14250/100,false,2,2,33,4,false,,
Kennith_Oberbrunner85,https://picsum.photos/seed/14300/100,false,61,53,48,15,false,,
Reed.Marvin93,https://picsum.photos/seed/14350/100,false,153,95,24,3,false,,
Hertha.Lehner76,https://picsum.photos/seed/14400/100,false,188,53,28,12,false,,
Cicero30,https://picsum.photos/seed/14450/100,false,78,20,1,6,false,,
Cordie.Franecki,https://picsum.photos/seed/14500/100,false,172,148,8,9,false,,
Tess_Kreiger,https://picsum.photos/seed/14550/100,true,19,10,29,6,true,23,"Try to quantify the PNG driver, maybe it will back up the haptic firewall!"
Darryl8,https://picsum.photos/seed/14600/100,false,142,139,25,2,false,,
Sidney.Mosciski,https://picsum.photos/seed/14650/100,true,34,31,1,3,true,75,"Use the multi-byte PNG feed, then you can connect the open-source sensor!"
Chesley.Feil,https://picsum.photos/seed/14700/100,false,25,3,29,1,false,,
Cierra21,https://picsum.photos/seed/14750/100,true,137,52,28,8,true,84,We need to back up the 1080p SDD feed!
Angie_Schuster76,https://picsum.photos/seed/14800/100,false,41,28,40,13,false,,
Anne_Kilback,https://picsum.photos/seed/14850/100,false,172,155,20,12,false,,
Desmond71,https://picsum.photos/seed/14900/100,false,140,93,50,7,false,,
Hilda.Jacobson,https://picsum.photos/seed/14950/100,false,63,27,31,11,false,,
Camden_Jones,https://picsum.photos/seed/15000/100,true,133,14,22,8,false,,
Albina37,https://picsum.photos/seed/15050/100,true,144,2,40,8,true,64,"navigating the feed won't do anything, we need to hack the open-source AGP firewall!"
Matt92,https://picsum.photos/seed/15100/100,false,99,47,46,16,false,,
Daphnee17,https://picsum.photos/seed/15150/100,true,92,8,18,11,false,,
Elmo_Barrows,https://picsum.photos/seed/15200/100,true,148,94,15,14,false,,
Janis.Auer,https://picsum.photos/seed/15250/100,false,146,33,18,11,false,,
Rita.Lang,https://picsum.photos/seed/15300/100,false,195,23,49,15,false,,
Heloise_Sawayn,https://picsum.photos/seed/15350/100,true,109,65,6,7,true,1,"If we quantify the transmitter, we can get to the SQL microchip through the back-end AGP driver!"
Kyra.Block,https://picsum.photos/seed/15400/100,true,22,14,39,7,false,,
Kirstin_Morissette,https://picsum.photos/seed/15450/100,true,52,29,39,12,false,,
Aglae.Schamberger,https://picsum.photos/seed/15500/100,false,100,27,32,13,false,,
Leif92,https://picsum.photos/seed/15550/100,false,120,21,1,9,false,,
Marjory55,https://picsum.photos/seed/15600/100,true,155,12,21,2,true,66,"I'll quantify the optical ADP bus, that should protocol the SMS array!"
Patsy81,https://picsum.photos/seed/15650/100,false,84,81,36,13,false,,
Kitty28,https://picsum.photos/seed/15700/100,true,43,37,41,4,true,41,You can't copy the sensor without overriding the haptic JSON feed!
Verda.Parisian,https://picsum.photos/seed/15750/100,true,50,50,25,15,true,90,We need to calculate the online USB firewall!
Myrtice8,https://picsum.photos/seed/15800/100,false,155,59,10,15,false,,
Libbie87,https://picsum.photos/seed/15850/100,true,118,32,12,4,true,38,"I'll synthesize the primary IB bandwidth, that should panel the RAM capacitor!"
Cydney.Halvorson73,https://picsum.photos/seed/15900/100,true,42,35,21,12,false,,
Deanna.Kassulke,https://picsum.photos/seed/15950/100,true,19,7,12,3,true,77,"Try to compress the JSON program, maybe it will transmit the solid state capacitor!"
Madisyn.Ondricka,https://picsum.photos/seed/16000/100,false,175,117,38,2,false,,
Dejon_Franecki,https://picsum.photos/seed/16050/100,false,85,6,7,2,false,,
Bennett2,https://picsum.photos/seed/16100/100,false,15,3,35,8,false,,
Donnie_Blanda37,https://picsum.photos/seed/16150/100,false,167,117,22,15,false,,
Misty0,https://picsum.photos/seed/16200/100,true,169,167,11,15,true,32,"The XSS protocol is down, calculate the primary circuit so we can generate the SMS circuit!"
Kylee22,https://picsum.photos/seed/16250/100,true,12,2,49,14,true,66,We need to override the 1080p CSS monitor!
Pierre_Howe22,https://picsum.photos/seed/16300/100,false,85,50,23,16,false,,
Anahi_Ferry49,https://picsum.photos/seed/16350/100,true,176,155,23,13,true,42,"parsing the program won't do anything, we need to bypass the neural SMTP matrix!"
Ezra.Heaney,https://picsum.photos/seed/16400/100,true,80,16,7,6,true,21,You can't parse the port without bypassing the virtual SSL card!
Annamarie.Hayes43,https://picsum.photos/seed/16450/100,false,36,2,34,7,false,,
Amalia70,https://picsum.photos/seed/16500/100,true,128,77,11,2,true,22,"parsing the program won't do anything, we need to reboot the solid state SMTP bandwidth!"
Salvatore.Keebler24,https://picsum.photos/seed/16550/100,true,28,27,18,15,true,1,We need to back up the solid state RAM capacitor!
Alberto16,https://picsum.photos/seed/16600/100,true,59,12,46,16,true,91,"I'll input the digital JSON bus, that should driver the SCSI matrix!"
Laila_Kuhn,https://picsum.photos/seed/16650/100,true,79,11,48,15,false,,
Terry.Deckow11,https://picsum.photos/seed/16700/100,true,129,123,47,4,true,94,"Try to program the THX monitor, maybe it will bypass the primary card!"
Mozell96,https://picsum.photos/seed/16750/100,false,8,7,13,16,false,,
Viva.Kuphal,https://picsum.photos/seed/16800/100,false,167,159,19,9,false,,
Rebecca16,https://picsum.photos/seed/16850/100,true,125,60,31,3,true,33,"Try to transmit the SDD microchip, maybe it will copy the optical microchip!"
Precious32,https://picsum.photos/seed/16900/100,false,116,114,40,8,false,,
Lessie.Bartell,https://picsum.photos/seed/16950/100,false,132,42,25,9,false,,
Ahmad52,https://picsum.photos/seed/17000/100,false,63,42,3,11,false,,
Kristoffer44,https://picsum.photos/seed/17050/100,false,89,38,35,11,false,,
Sunny30,https://picsum.photos/seed/17100/100,true,71,67,8,9,true,93,"If we bypass the system, we can get to the RSS panel through the back-end ADP firewall!"
Stefanie.Block96,https://picsum.photos/seed/17150/100,false,44,18,49,16,false,,
Bertram80,https://picsum.photos/seed/17200/100,false,89,70,49,5,false,,
Tianna_Bruen58,https://picsum.photos/seed/17250/100,true,132,109,5,12,true,62,"If we bypass the bus, we can get to the SAS microchip through the wireless CSS panel!"
Jed_Denesik,https://picsum.photos/seed/17300/100,true,104,33,27,16,true,71,"The XML microchip is down, input the optical pixel so we can quantify the ADP circuit!"
Adriel_Hettinger,https://picsum.photos/seed/17350/100,false,172,19,11,4,false,,
Lacy99,https://picsum.photos/seed/17400/100,false,80,11,23,2,false,,
Danyka_Crist,https://picsum.photos/seed/17450/100,false,156,31,8,14,false,,
Asha.Conroy16,https://picsum.photos/seed/17500/100,true,74,38,20,16,false,,
Christian_Schoen41,https://picsum.photos/seed/17550/100,true,40,11,50,1,true,66,"quantifying the alarm won't do anything, we need to back up the wireless XSS system!"
Jolie.Balistreri42,https://picsum.photos/seed/17600/100,true,189,68,19,12,false,,
Clara.Connelly,https://picsum.photos/seed/17650/100,false,24,5,16,2,false,,
Aletha.Nader,https://picsum.photos/seed/17700/100,false,33,23,33,12,false,,
Wilmer52,https://picsum.photos/seed/17750/100,false,65,18,37,8,false,,
Nya77,https://picsum.photos/seed/17800/100,false,168,161,50,1,false,,
Sylvan_Daugherty,https://picsum.photos/seed/17850/100,false,50,21,4,6,false,,
Brian82,https://picsum.photos/seed/17900/100,true,108,94,31,2,true,73,We need to synthesize the primary RAM sensor!
Esteban_Schmidt,https://picsum.photos/seed/17950/100,false,23,20,44,16,false,,
Major.Pacocha86,https://picsum.photos/seed/18000/100,true,29,26,30,7,false,,
Ivory.Block,https://picsum.photos/seed/18050/100,false,16,6,30,9,false,,
Urban_Connelly19,https://picsum.photos/seed/18100/100,false,114,31,20,11,false,,
Malvina_Durgan,https://picsum.photos/seed/18150/100,false,167,32,46,13,false,,
Lucile_Grady,https://picsum.photos/seed/18200/100,false,55,18,30,4,false,,
Alexandre_Eichmann,https://picsum.photos/seed/18250/100,false,27,20,27,13,false,,
Mara_Towne86,https://picsum.photos/seed/18300/100,false,147,33,27,6,false,,
Kristian4,https://picsum.photos/seed/18350/100,true,15,13,39,9,true,96,"Use the multi-byte AI hard drive, then you can navigate the solid state microchip!"
Coty82,https://picsum.photos/seed/18400/100,true,71,31,2,5,false,,
Lindsay_Schulist51,https://picsum.photos/seed/18450/100,false,33,10,13,12,false,,
Macie.Macejkovic,https://picsum.photos/seed/18500/100,false,139,82,17,15,false,,
Elaina77,https://picsum.photos/seed/18550/100,false,113,45,42,5,false,,
Rosamond.Dach81,https://picsum.photos/seed/18600/100,false,25,19,3,8,false,,
Waylon44,https://picsum.photos/seed/18650/100,true,114,112,50,13,false,,
Colton41,https://picsum.photos/seed/18700/100,false,64,63,9,7,false,,
Lola67,https://picsum.photos/seed/18750/100,false,113,103,50,3,false,,
Lacey_OReilly,https://picsum.photos/seed/18800/100,false,158,91,38,6,false,,
Fanny_Corwin47,https://picsum.photos/seed/18850/100,false,112,50,32,6,false,,
Claud86,https://picsum.photos/seed/18900/100,true,79,13,37,3,true,21,We need to reboot the virtual JBOD bus!
Murl_Wehner,https://picsum.photos/seed/18950/100,false,63,22,41,5,false,,
Price_Kohler,https://picsum.photos/seed/19000/100,false,192,84,5,9,false,,
Francis_Tremblay,https://picsum.photos/seed/19050/100,true,15,12,25,7,false,,
Darlene65,https://picsum.photos/seed/19100/100,true,177,99,33,2,true,52,"The AI bus is down, transmit the digital microchip so we can navigate the SDD transmitter!"
Dana.Boyer,https://picsum.photos/seed/19150/100,true,152,84,43,9,false,,
Amanda.Price36,https://picsum.photos/seed/19200/100,false,36,29,29,6,false,,
Otha.Hoppe,https://picsum.photos/seed/19250/100,true,10,6,43,7,true,39,"backing up the hard drive won't do anything, we need to override the wireless SDD matrix!"
Lillie_Veum92,https://picsum.photos/seed/19300/100,true,200,189,41,3,true,27,"navigating the system won't do anything, we need to back up the digital USB bus!"
Keara94,https://picsum.photos/seed/19350/100,true,10,8,20,14,false,,
Paxton15,https://picsum.photos/seed/19400/100,false,57,43,41,9,false,,
Laurine58,https://picsum.photos/seed/19450/100,true,144,83,38,6,false,,
Brennon28,https://picsum.photos/seed/19500/100,true,159,33,25,13,false,,
Cleveland18,https://picsum.photos/seed/19550/100,false,103,29,31,6,false,,
Cara.Gislason,https://picsum.photos/seed/19600/100,true,199,104,38,11,true,60,"Try to bypass the HTTP feed, maybe it will navigate the wireless matrix!"
Leanne_Johnston93,https://picsum.photos/seed/19650/100,true,192,73,16,15,true,60,"Try to quantify the SMTP transmitter, maybe it will copy the haptic capacitor!"
Griffin_Wuckert57,https://picsum.photos/seed/19700/100,false,50,41,48,14,false,,
Barrett_Barrows,https://picsum.photos/seed/19750/100,true,19,2,16,3,true,45,"Try to navigate the SAS monitor, maybe it will compress the wireless circuit!"
Jordy.Kertzmann42,https://picsum.photos/seed/19800/100,false,194,75,15,4,false,,
Eddie.Walker94,https://picsum.photos/seed/19850/100,true,157,43,6,5,true,15,"The XSS firewall is down, navigate the online port so we can copy the TCP bus!"
Columbus_Schaefer25,https://picsum.photos/seed/19900/100,false,36,6,42,10,false,,
Juliana.Pfeffer4,https://picsum.photos/seed/19950/100,false,72,25,33,14,false,,
Joana_Schaefer98,https://picsum.photos/seed/20000/100,false,41,41,44,7,false,,
Howard_Romaguera,https://picsum.photos/seed/20050/100,false,144,33,31,10,false,,
Abdiel57,https://picsum.photos/seed/20100/100,true,73,55,37,4,true,47,"parsing the sensor won't do anything, we need to hack the back-end CSS transmitter!"
Deshaun.Fritsch25,https://picsum.photos/seed/20150/100,false,178,72,28,12,false,,
Gerardo31,https://picsum.photos/seed/20200/100,true,106,88,19,12,false,,
Alexandrea_Kozey,https://picsum.photos/seed/20250/100,true,6,3,15,9,true,72,We need to quantify the online SCSI program!
Emelia.Heidenreich,https://picsum.photos/seed/20300/100,false,164,127,3,7,false,,
Rhett84,https://picsum.photos/seed/20350/100,false,181,79,32,15,false,,
Nikko.Oberbrunner27,https://picsum.photos/seed/20400/100,true,25,14,3,4,true,3,You can't connect the microchip without synthesizing the 1080p HTTP pixel!
Alfredo.Barton62,https://picsum.photos/seed/20450/100,true,62,44,11,8,false,,
Vita_Nader81,https://picsum.photos/seed/20500/100,true,74,18,1,7,false,,
Laurence_OKon,https://picsum.photos/seed/20550/100,false,88,81,5,9,false,,
Keara79,https://picsum.photos/seed/20600/100,true,20,10,11,5,false,,
Will93,https://picsum.photos/seed/20650/100,true,128,44,22,3,true,31,We need to generate the mobile GB port!
Deon_Cassin,https://picsum.photos/seed/20700/100,false,178,131,44,6,false,,
Schuyler.Satterfield67,https://picsum.photos/seed/20750/100,true,186,63,1,5,false,,
Flo_Douglas,https://picsum.photos/seed/20800/100,true,58,50,41,5,true,43,"The SAS bus is down, back up the digital driver so we can transmit the COM pixel!"
Haylie.Price10,https://picsum.photos/seed/20850/100,true,196,177,32,10,true,34,"overriding the alarm won't do anything, we need to calculate the multi-byte EXE bandwidth!"
Annetta.Macejkovic64,https://picsum.photos/seed/20900/100,false,153,150,41,11,false,,
Giovanna95,https://picsum.photos/seed/20950/100,false,160,129,9,12,false,,
Tristian19,https://picsum.photos/seed/21000/100,true,14,8,16,10,false,,
Arvid.Towne8,https://picsum.photos/seed/21050/100,false,101,94,27,15,false,,
Karelle_Mann,https://picsum.photos/seed/21100/100,false,190,55,14,12,false,,
Tyson.Frami19,https://picsum.photos/seed/21150/100,true,99,81,41,7,true,80,You can't reboot the card without synthesizing the multi-byte IB interface!
Alena_Lindgren43,https://picsum.photos/seed/21200/100,true,145,24,27,7,true,46,We need to copy the bluetooth JSON bus!
Hosea94,https://picsum.photos/seed/21250/100,false,199,183,5,5,false,,
Kirstin33,https://picsum.photos/seed/21300/100,false,17,11,8,4,false,,
Rahsaan.Price,https://picsum.photos/seed/21350/100,false,87,87,36,6,false,,
Don.Altenwerth,https://picsum.photos/seed/21400/100,false,37,2,39,3,false,,
Wallace.Corwin,https://picsum.photos/seed/21450/100,true,45,12,27,9,true,1,We need to quantify the haptic GB program!
Dovie76,https://picsum.photos/seed/21500/100,true,197,86,32,16,false,,
Elmira.Lemke,https://picsum.photos/seed/21550/100,true,56,32,46,14,true,61,"Use the primary RSS pixel, then you can parse the solid state transmitter!"
Layne_Waelchi69,https://picsum.photos/seed/21600/100,false,89,16,17,8,false,,
Emily95,https://picsum.photos/seed/21650/100,true,144,107,39,16,true,15,"If we index the driver, we can get to the CSS program through the solid state RAM capacitor!"
Camden_Roob66,https://picsum.photos/seed/21700/100,true,195,125,35,3,false,,
Elva46,https://picsum.photos/seed/21750/100,true,178,153,4,6,true,32,"Try to copy the AGP feed, maybe it will quantify the multi-byte bandwidth!"
Myles.Treutel,https://picsum.photos/seed/21800/100,true,78,60,8,12,true,27,"The SSL monitor is down, program the wireless bandwidth so we can back up the SCSI circuit!"
Emmett_Durgan,https://picsum.photos/seed/21850/100,false,16,8,4,12,false,,
Sadye_Kutch28,https://picsum.photos/seed/21900/100,true,172,147,4,15,true,94,"Try to navigate the GB driver, maybe it will copy the open-source system!"
Daisha56,https://picsum.photos/seed/21950/100,true,174,81,7,12,false,,
Lexie_Gibson87,https://picsum.photos/seed/22000/100,false,58,41,36,13,false,,
Celia.Johns,https://picsum.photos/seed/22050/100,false,53,36,3,15,false,,
Rhett.Prohaska,https://picsum.photos/seed/22100/100,false,101,2,1,15,false,,
Korbin18,https://picsum.photos/seed/22150/100,false,185,160,49,2,false,,
Gene_Braun,https://picsum.photos/seed/22200/100,true,69,59,5,1,true,96,"If we copy the alarm, we can get to the XSS transmitter through the cross-platform EXE firewall!"
Issac_Dooley,https://picsum.photos/seed/22250/100,true,150,52,35,9,false,,
Tressie.MacGyver,https://picsum.photos/seed/22300/100,false,42,33,6,1,false,,
Virginia.Swift27,https://picsum.photos/seed/22350/100,true,121,118,18,3,true,18,"Try to reboot the COM card, maybe it will parse the redundant bus!"
Helena59,https://picsum.photos/seed/22400/100,true,171,98,3,11,true,55,"Try to navigate the CSS interface, maybe it will copy the bluetooth program!"
Annalise.Simonis68,https://picsum.photos/seed/22450/100,false,116,12,3,1,false,,
Sedrick_Watsica25,https://picsum.photos/seed/22500/100,true,184,39,27,1,true,86,"Use the haptic SMS feed, then you can quantify the auxiliary system!"
Andreane.Schuppe93,https://picsum.photos/seed/22550/100,true,99,99,37,9,true,74,"The PNG protocol is down, parse the redundant firewall so we can compress the ADP alarm!"
Madaline7,https://picsum.photos/seed/22600/100,true,191,126,20,13,false,,
Gavin.Gutmann,https://picsum.photos/seed/22650/100,false,180,143,40,12,false,,
Jayden_Spencer,https://picsum.photos/seed/22700/100,false,32,31,9,3,false,,
Orie_Weber34,https://picsum.photos/seed/22750/100,true,197,58,49,2,true,39,"Try to quantify the HTTP driver, maybe it will navigate the haptic card!"
Bartholome.Kohler68,https://picsum.photos/seed/22800/100,false,153,12,39,16,false,,
Nat20,https://picsum.photos/seed/22850/100,true,135,72,35,3,false,,
Buddy.Monahan50,https://picsum.photos/seed/22900/100,true,4,4,1,4,true,61,"Use the multi-byte HTTP hard drive, then you can synthesize the wireless protocol!"
King.Gibson57,https://picsum.photos/seed/22950/100,false,150,59,46,10,false,,
Stewart.Weber,https://picsum.photos/seed/23000/100,true,76,54,4,10,false,,
Savanna_Lubowitz,https://picsum.photos/seed/23050/100,false,43,11,2,4,false,,
Christa_Streich85,https://picsum.photos/seed/23100/100,false,92,84,1,1,false,,
Ryley_Jerde,https://picsum.photos/seed/23150/100,false,164,141,30,14,false,,
Weldon.Cronin36,https://picsum.photos/seed/23200/100,false,73,10,41,15,false,,
Mavis.Krajcik57,https://picsum.photos/seed/23250/100,false,111,78,35,4,false,,
Amelia_Upton39,https://picsum.photos/seed/23300/100,true,25,16,50,5,false,,
Vanessa.Reichel,https://picsum.photos/seed/23350/100,false,18,7,21,8,false,,
Niko18,https://picsum.photos/seed/23400/100,false,197,25,35,13,false,,
Melissa.Orn66,https://picsum.photos/seed/23450/100,true,28,1,1,3,true,42,"Use the auxiliary RAM transmitter, then you can connect the bluetooth panel!"
Bell.Greenfelder,https://picsum.photos/seed/23500/100,true,3,3,27,1,false,,
Georgianna.Bayer,https://picsum.photos/seed/23550/100,true,8,7,26,7,true,41,"I'll connect the multi-byte RSS driver, that should monitor the SQL pixel!"
Ricky_Schroeder,https://picsum.photos/seed/23600/100,true,8,2,47,2,false,,
Mac.Waters,https://picsum.photos/seed/23650/100,true,5,2,2,4,false,,
Paula37,https://picsum.photos/seed/23700/100,true,186,32,24,3,false,,
Nat_Pollich,https://picsum.photos/seed/23750/100,true,77,26,43,7,false,,
Florine88,https://picsum.photos/seed/23800/100,false,85,11,19,12,false,,
Earnest_Gorczany,https://picsum.photos/seed/23850/100,true,110,3,49,7,true,50,"transmitting the feed won't do anything, we need to index the optical SMTP alarm!"
Jacklyn15,https://picsum.photos/seed/23900/100,false,123,71,21,3,false,,
Corrine23,https://picsum.photos/seed/23950/100,true,139,135,6,15,false,,
Tyshawn.Hoeger60,https://picsum.photos/seed/24000/100,false,67,65,48,7,false,,
Austen.Kshlerin,https://picsum.photos/seed/24050/100,true,120,65,38,5,false,,
Meda70,https://picsum.photos/seed/24100/100,false,134,9,3,14,false,,
Loyce_Bashirian72,https://picsum.photos/seed/24150/100,true,78,34,50,13,false,,
Floy_Corwin,https://picsum.photos/seed/24200/100,false,132,51,1,14,false,,
Narciso_Witting8,https://picsum.photos/seed/24250/100,true,136,87,10,10,true,20,We need to transmit the solid state TCP array!
Hannah_Robel,https://picsum.photos/seed/24300/100,false,155,46,27,16,false,,
Tate_Schuster38,https://picsum.photos/seed/24350/100,false,145,51,49,2,false,,
Christy.OHara50,https://picsum.photos/seed/24400/100,false,21,12,25,8,false,,
Juliana_Jones,https://picsum.photos/seed/24450/100,true,33,16,36,16,false,,
Abbey_Brown91,https://picsum.photos/seed/24500/100,false,73,36,20,5,false,,
Oscar_Jast41,https://picsum.photos/seed/24550/100,true,138,28,50,4,true,40,"Try to back up the SMS microchip, maybe it will parse the wireless alarm!"
Akeem42,https://picsum.photos/seed/24600/100,false,12,5,2,13,false,,
Juwan.Vandervort,https://picsum.photos/seed/24650/100,true,125,102,36,1,true,19,"Use the digital RAM sensor, then you can generate the auxiliary monitor!"
Martine.Jast,https://picsum.photos/seed/24700/100,false,59,23,41,6,false,,
Linnie.Kreiger,https://picsum.photos/seed/24750/100,true,75,50,3,2,false,,
Nona.Champlin28,https://picsum.photos/seed/24800/100,true,11,3,46,14,false,,
Waylon.Ferry59,https://picsum.photos/seed/24850/100,true,33,14,39,5,true,3,"I'll override the haptic RSS interface, that should protocol the SMS array!"
Elouise.Borer,https://picsum.photos/seed/24900/100,false,159,48,36,13,false,,
Neal39,https://picsum.photos/seed/24950/100,true,13,4,24,4,false,,
Hilbert_Little,https://picsum.photos/seed/25000/100,false,81,65,40,2,false,,
Nestor.Wisoky,https://picsum.photos/seed/25050/100,true,150,123,13,8,false,,
Lazaro34,https://picsum.photos/seed/25100/100,true,119,64,50,3,true,92,You can't calculate the array without overriding the digital PCI port!
Paxton9,https://picsum.photos/seed/25150/100,false,11,7,43,14,false,,
Savanna24,https://picsum.photos/seed/25200/100,false,29,3,44,15,false,,
Korbin55,https://picsum.photos/seed/25250/100,false,141,5,18,6,false,,
Tevin.Kuvalis97,https://picsum.photos/seed/25300/100,true,119,75,33,11,true,40,"copying the matrix won't do anything, we need to connect the bluetooth CSS firewall!"
Mireille.Rolfson41,https://picsum.photos/seed/25350/100,false,179,138,22,5,false,,
Benedict72,https://picsum.photos/seed/25400/100,true,121,54,38,5,true,28,We need to hack the multi-byte PNG sensor!
Janiya_Torp,https://picsum.photos/seed/25450/100,false,102,23,46,4,false,,
Burnice.Hane,https://picsum.photos/seed/25500/100,true,57,8,26,14,true,22,We need to transmit the optical AI monitor!
Miller.Terry39,https://picsum.photos/seed/25550/100,true,43,20,41,16,true,2,"compressing the pixel won't do anything, we need to reboot the primary SCSI bandwidth!"
Coby1,https://picsum.photos/seed/25600/100,true,137,40,26,11,false,,
Justus46,https://picsum.photos/seed/25650/100,true,17,5,46,4,false,,
Jacey_Rempel93,https://picsum.photos/seed/25700/100,false,149,103,13,1,false,,
Mireya_Feil13,https://picsum.photos/seed/25750/100,false,76,19,11,15,false,,
Therese.VonRueden85,https://picsum.photos/seed/25800/100,false,176,154,50,12,false,,
Matt.Koepp75,https://picsum.photos/seed/25850/100,false,76,39,13,16,false,,
Toney43,https://picsum.photos/seed/25900/100,false,149,129,4,4,false,,
Sammie.Emard,https://picsum.photos/seed/25950/100,false,28,26,45,15,false,,
Elinor65,https://picsum.photos/seed/26000/100,true,29,24,31,3,false,,
Mathilde.Hayes18,https://picsum.photos/seed/26050/100,true,117,102,24,5,false,,
Roderick_Ferry33,https://picsum.photos/seed/26100/100,false,169,60,22,2,false,,
Donnell92,https://picsum.photos/seed/26150/100,true,19,2,32,12,true,15,"Try to reboot the TCP protocol, maybe it will reboot the optical port!"
Zander.Bergstrom,https://picsum.photos/seed/26200/100,false,141,72,16,9,false,,
Laurine98,https://picsum.photos/seed/26250/100,false,65,52,30,15,false,,
Toby_Strosin36,https://picsum.photos/seed/26300/100,true,41,3,44,1,false,,
Christy_Moore,https://picsum.photos/seed/26350/100,false,53,32,21,5,false,,
Isaiah_Crona,https://picsum.photos/seed/26400/100,false,55,40,29,5,false,,
Winston_Cronin,https://picsum.photos/seed/26450/100,true,179,144,47,1,false,,
Jordi71,https://picsum.photos/seed/26500/100,true,57,25,13,16,true,84,"bypassing the sensor won't do anything, we need to program the virtual SDD array!"
Berenice45,https://picsum.photos/seed/26550/100,false,151,145,9,15,false,,
Daren33,https://picsum.photos/seed/26600/100,true,22,6,25,12,false,,
Diego9,https://picsum.photos/seed/26650/100,false,99,13,30,3,false,,
Otto_Daniel,https://picsum.photos/seed/26700/100,false,46,44,8,15,false,,
Shemar_Fahey89,https://picsum.photos/seed/26750/100,false,9,5,31,11,false,,
Brooklyn_Jakubowski,https://picsum.photos/seed/26800/100,true,83,58,14,12,false,,
Ericka.Hermiston53,https://picsum.photos/seed/26850/100,false,158,132,45,9,false,,
Baby.Grant,https://picsum.photos/seed/26900/100,false,109,52,29,7,false,,
Heidi.Grady,https://picsum.photos/seed/26950/100,true,166,33,17,15,false,,
Jerry40,https://picsum.photos/seed/27000/100,true,6,3,37,6,true,45,"Try to transmit the HDD interface, maybe it will bypass the back-end card!"
Frances.Wolff,https://picsum.photos/seed/27050/100,true,78,47,45,7,true,91,"I'll index the virtual ADP circuit, that should array the HTTP card!"
Lola11,https://picsum.photos/seed/27100/100,false,141,121,16,9,false,,
Koby_Skiles,https://picsum.photos/seed/27150/100,false,9,9,8,14,false,,
Avery29,https://picsum.photos/seed/27200/100,false,173,125,1,4,false,,
Estella.Turcotte,https://picsum.photos/seed/27250/100,true,179,95,33,8,true,80,"The AI panel is down, back up the neural circuit so we can quantify the XSS program!"
Jeremy.Larson,https://picsum.photos/seed/27300/100,true,1,1,16,15,false,,
Teresa55,https://picsum.photos/seed/27350/100,false,27,21,24,6,false,,
Isabelle33,https://picsum.photos/seed/27400/100,true,175,110,1,9,true,37,"If we synthesize the monitor, we can get to the XSS hard drive through the virtual SMS driver!"
Lonie.Kohler,https://picsum.photos/seed/27450/100,true,138,46,39,11,false,,
Lora.Ferry31,https://picsum.photos/seed/27500/100,true,20,5,47,14,false,,
Agustin.Spinka,https://picsum.photos/seed/27550/100,true,70,44,41,10,true,79,"I'll compress the solid state SMTP interface, that should pixel the IB feed!"
Luigi31,https://picsum.photos/seed/27600/100,false,57,13,34,10,false,,
Rowland21,https://picsum.photos/seed/27650/100,false,58,29,24,1,false,,
Hudson.Hand,https://picsum.photos/seed/27700/100,true,90,66,13,16,true,63,"I'll connect the wireless RAM application, that should application the SCSI firewall!"
Constance83,https://picsum.photos/seed/27750/100,true,126,120,18,11,false,,
Earnest33,https://picsum.photos/seed/27800/100,false,188,40,1,14,false,,
Elsa99,https://picsum.photos/seed/27850/100,false,36,17,17,8,false,,
Emilia_Feil,https://picsum.photos/seed/27900/100,true,66,1,14,1,false,,
Judy.Krajcik74,https://picsum.photos/seed/27950/100,true,22,4,49,5,false,,
Christy35,https://picsum.photos/seed/28000/100,true,106,100,32,5,false,,
Jamil.Roob,https://picsum.photos/seed/28050/100,true,193,174,50,1,false,,
Alyce73,https://picsum.photos/seed/28100/100,false,115,111,3,1,false,,
Claudie88,https://picsum.photos/seed/28150/100,true,176,102,15,8,true,34,We need to navigate the solid state FTP alarm!
Esta_VonRueden33,https://picsum.photos/seed/28200/100,false,77,28,2,6,false,,
Enola77,https://picsum.photos/seed/28250/100,false,57,25,11,6,false,,
Camylle49,https://picsum.photos/seed/28300/100,true,85,56,12,15,true,80,"Use the auxiliary HTTP microchip, then you can reboot the solid state microchip!"
Magnus_Schmitt95,https://picsum.photos/seed/28350/100,true,8,2,4,10,false,,
Laverna95,https://picsum.photos/seed/28400/100,true,116,89,1,3,false,,
Esteban49,https://picsum.photos/seed/28450/100,false,7,3,2,2,false,,
Palma9,https://picsum.photos/seed/28500/100,false,98,19,39,13,false,,
Matilde_Jaskolski,https://picsum.photos/seed/28550/100,false,11,5,22,5,false,,
Marty.Watsica,https://picsum.photos/seed/28600/100,false,74,10,49,9,false,,
Orin48,https://picsum.photos/seed/28650/100,true,92,84,17,2,false,,
Gay_Daugherty,https://picsum.photos/seed/28700/100,false,97,32,26,13,false,,
Hilda50,https://picsum.photos/seed/28750/100,false,188,184,3,12,false,,
Shyanne_Kuhlman,https://picsum.photos/seed/28800/100,true,104,56,9,7,true,2,"Use the 1080p HTTP alarm, then you can program the back-end bandwidth!"
Berenice61,https://picsum.photos/seed/28850/100,true,5,2,11,4,false,,
Marcella62,https://picsum.photos/seed/28900/100,false,73,34,14,1,false,,
Viva_Heller46,https://picsum.photos/seed/28950/100,true,142,54,40,16,true,24,"I'll calculate the multi-byte AGP interface, that should bandwidth the SDD feed!"
Coty_Marks,https://picsum.photos/seed/29000/100,true,153,42,4,4,true,33,"Try to synthesize the PNG program, maybe it will back up the haptic firewall!"
Zander40,https://picsum.photos/seed/29050/100,true,80,4,5,4,true,56,"Use the online SCSI program, then you can navigate the cross-platform microchip!"
Christophe.Kutch77,https://picsum.photos/seed/29100/100,false,52,10,37,8,false,,
Ebba.Bashirian65,https://picsum.photos/seed/29150/100,true,180,172,48,5,true,30,You can't compress the array without programming the primary COM panel!
Daren.Lueilwitz,https://picsum.photos/seed/29200/100,false,4,3,1,7,false,,
Matilda84,https://picsum.photos/seed/29250/100,true,24,19,10,10,true,31,"If we hack the transmitter, we can get to the TCP firewall through the back-end SSL port!"
Graciela.OHara94,https://picsum.photos/seed/29300/100,true,197,155,12,16,true,40,"I'll back up the multi-byte SMS matrix, that should panel the RAM card!"
Athena6,https://picsum.photos/seed/29350/100,true,188,159,26,8,false,,
Santa.Grady,https://picsum.photos/seed/29400/100,false,86,40,13,13,false,,
Jacinto36,https://picsum.photos/seed/29450/100,false,144,102,37,3,false,,
Brennon_Tromp94,https://picsum.photos/seed/29500/100,false,22,14,19,4,false,,
Giuseppe_Beier65,https://picsum.photos/seed/29550/100,false,167,73,18,10,false,,
Maximus71,https://picsum.photos/seed/29600/100,false,191,154,37,5,false,,
Leann96,https://picsum.photos/seed/29650/100,true,55,23,30,16,false,,
Emerson88,https://picsum.photos/seed/29700/100,true,28,11,30,15,true,10,We need to generate the back-end SMTP array!
Antoinette97,https://picsum.photos/seed/29750/100,true,156,10,3,13,false,,
Marguerite.Heaney29,https://picsum.photos/seed/29800/100,false,123,57,42,14,false,,
Jana.Senger,https://picsum.photos/seed/29850/100,true,135,110,45,7,true,2,You can't navigate the feed without copying the redundant JBOD transmitter!
Kailyn93,https://picsum.photos/seed/29900/100,false,42,4,9,11,false,,
Katarina.Kertzmann40,https://picsum.photos/seed/29950/100,true,94,80,22,12,false,,
Dusty_Ebert,https://picsum.photos/seed/30000/100,true,106,40,20,8,false,,
Adolphus58,https://picsum.photos/seed/30050/100,false,11,5,35,8,false,,
Dillan37,https://picsum.photos/seed/30100/100,true,85,16,6,13,false,,
Alvis.Flatley47,https://picsum.photos/seed/30150/100,true,34,10,40,4,false,,
Bradly_Langosh15,https://picsum.photos/seed/30200/100,true,23,7,13,3,false,,
Lera_Rau,https://picsum.photos/seed/30250/100,true,115,7,7,7,false,,
John_Bogisich,https://picsum.photos/seed/30300/100,true,121,26,38,7,true,17,"Use the auxiliary AI feed, then you can calculate the wireless array!"
Ramiro1,https://picsum.photos/seed/30350/100,false,12,5,19,14,false,,
Marty_Quigley18,https://picsum.photos/seed/30400/100,true,13,13,26,13,true,33,"If we connect the monitor, we can get to the SMTP program through the 1080p SDD bandwidth!"
Murray_Rodriguez70,https://picsum.photos/seed/30450/100,true,44,22,6,14,false,,
Hazel_Carroll,https://picsum.photos/seed/30500/100,true,187,9,30,1,false,,
Luther81,https://picsum.photos/seed/30550/100,false,59,52,41,6,false,,
Rigoberto95,https://picsum.photos/seed/30600/100,false,94,86,36,10,false,,
Savanah_Von,https://picsum.photos/seed/30650/100,true,167,6,42,11,true,81,"transmitting the interface won't do anything, we need to synthesize the haptic JBOD bandwidth!"
Arnaldo_Kutch70,https://picsum.photos/seed/30700/100,false,64,26,2,12,false,,
Cary_Sporer17,https://picsum.photos/seed/30750/100,true,84,80,24,4,true,55,"If we quantify the protocol, we can get to the TCP monitor through the haptic PNG panel!"
Claudie.Balistreri49,https://picsum.photos/seed/30800/100,true,53,50,41,4,true,51,"Use the solid state PNG firewall, then you can program the 1080p program!"
Concepcion_Barton45,https://picsum.photos/seed/30850/100,true,88,27,15,7,false,,
Juana.Durgan72,https://picsum.photos/seed/30900/100,false,99,62,19,16,false,,
Jaycee86,https://picsum.photos/seed/30950/100,false,118,27,44,14,false,,
Leola71,https://picsum.photos/seed/31000/100,true,95,13,21,8,false,,
Eloy75,https://picsum.photos/seed/31050/100,false,187,147,10,1,false,,
Dusty36,https://picsum.photos/seed/31100/100,true,158,110,48,14,true,83,"overriding the interface won't do anything, we need to input the online CSS program!"
Lauren20,https://picsum.photos/seed/31150/100,true,195,125,48,16,true,9,You can't quantify the system without connecting the open-source THX microchip!
Mathew_Russel69,https://picsum.photos/seed/31200/100,true,72,53,5,7,false,,
Zoey.Wiza75,https://picsum.photos/seed/31250/100,true,200,53,50,13,false,,
Estella.Cole,https://picsum.photos/seed/31300/100,true,55,34,49,6,false,,
Cleta.Kassulke,https://picsum.photos/seed/31350/100,false,121,57,39,8,false,,
Thelma13,https://picsum.photos/seed/31400/100,false,187,41,37,13,false,,
Elinore.Johnston59,https://picsum.photos/seed/31450/100,true,15,15,25,2,false,,
Kylie_Lockman42,https://picsum.photos/seed/31500/100,true,3,3,30,14,false,,
Madyson.Yost,https://picsum.photos/seed/31550/100,false,48,42,28,16,false,,
Erich.Denesik44,https://picsum.photos/seed/31600/100,false,73,14,15,2,false,,
Lydia_Brekke1,https://picsum.photos/seed/31650/100,false,6,5,30,1,false,,
Isabel_Kemmer,https://picsum.photos/seed/31700/100,true,197,110,16,13,false,,
Trinity_Spencer,https://picsum.photos/seed/31750/100,false,114,25,10,4,false,,
Javon_Kuhic97,https://picsum.photos/seed/31800/100,false,200,173,45,14,false,,
Amiya.Batz80,https://picsum.photos/seed/31850/100,true,57,10,2,14,false,,
Norene86,https://picsum.photos/seed/31900/100,false,71,33,23,16,false,,
Frances_Hegmann,https://picsum.photos/seed/31950/100,false,45,20,32,1,false,,
Rick_Hudson,https://picsum.photos/seed/32000/100,false,116,55,14,5,false,,
May.Kris,https://picsum.photos/seed/32050/100,false,41,19,20,14,false,,
Marie.Hettinger,https://picsum.photos/seed/32100/100,false,174,46,40,16,false,,
Benjamin13,https://picsum.photos/seed/32150/100,true,81,55,27,16,false,,
Delilah3,https://picsum.photos/seed/32200/100,false,126,39,29,12,false,,
Gordon80,https://picsum.photos/seed/32250/100,false,104,86,10,4,false,,
Andres8,https://picsum.photos/seed/32300/100,false,78,70,6,2,false,,
Hollis89,https://picsum.photos/seed/32350/100,true,37,37,44,14,true,99,"The SMTP monitor is down, bypass the virtual port so we can input the JSON transmitter!"
Jacey_Stanton,https://picsum.photos/seed/32400/100,false,190,139,42,10,false,,
Wayne.Dare,https://picsum.photos/seed/32450/100,false,151,53,34,5,false,,
Reuben29,https://picsum.photos/seed/32500/100,false,163,17,19,15,false,,
Andy_Bernhard,https://picsum.photos/seed/32550/100,false,83,58,27,11,false,,
Mariana.Ruecker,https://picsum.photos/seed/32600/100,true,110,48,46,12,true,53,You can't synthesize the driver without hacking the cross-platform JBOD protocol!
Drake.Hermann,https://picsum.photos/seed/32650/100,true,52,5,4,9,false,,
Miles_Robel,https://picsum.photos/seed/32700/100,false,153,90,1,14,false,,
Dwight.Glover,https://picsum.photos/seed/32750/100,true,141,36,20,12,true,65,We need to transmit the bluetooth PCI panel!
Shanel.Dooley,https://picsum.photos/seed/32800/100,true,102,66,28,3,true,68,"Use the open-source USB application, then you can input the back-end circuit!"
Rogers_Watsica0,https://picsum.photos/seed/32850/100,true,170,110,26,15,false,,
Johnny.Treutel,https://picsum.photos/seed/32900/100,false,106,20,46,9,false,,
Genoveva.OKeefe71,https://picsum.photos/seed/32950/100,true,195,165,40,13,true,30,"connecting the driver won't do anything, we need to copy the online AI microchip!"
Alexander.Powlowski11,https://picsum.photos/seed/33000/100,true,193,174,37,5,false,,
Walker14,https://picsum.photos/seed/33050/100,false,78,59,12,12,false,,
Peter_King61,https://picsum.photos/seed/33100/100,false,125,12,47,13,false,,
Andres_Kertzmann,https://picsum.photos/seed/33150/100,true,189,94,8,1,false,,
Marty24,https://picsum.photos/seed/33200/100,false,157,99,16,3,false,,
Muhammad_Grimes53,https://picsum.photos/seed/33250/100,false,79,46,25,11,false,,
Alejandra.Greenfelder35,https://picsum.photos/seed/33300/100,false,175,90,36,8,false,,
Leonard53,https://picsum.photos/seed/33350/100,false,124,87,9,12,false,,
Kaylie.Wisoky66,https://picsum.photos/seed/33400/100,true,162,135,7,4,true,100,"navigating the array won't do anything, we need to calculate the haptic SCSI transmitter!"
Randi.Altenwerth9,https://picsum.photos/seed/33450/100,false,16,6,21,5,false,,
Asha70,https://picsum.photos/seed/33500/100,true,42,25,12,16,true,22,"Try to synthesize the RAM system, maybe it will hack the bluetooth feed!"
Lilyan88,https://picsum.photos/seed/33550/100,true,186,7,50,3,true,74,"backing up the bandwidth won't do anything, we need to transmit the neural PCI firewall!"
Joaquin.Feest19,https://picsum.photos/seed/33600/100,false,171,145,47,5,false,,
Furman57,https://picsum.photos/seed/33650/100,false,75,2,43,14,false,,
Grayson_Breitenberg,https://picsum.photos/seed/33700/100,false,153,14,47,2,false,,
Halle.Bogan36,https://picsum.photos/seed/33750/100,false,121,21,4,13,false,,
Mathilde_Dach70,https://picsum.photos/seed/33800/100,true,43,28,7,9,false,,
Kirk16,https://picsum.photos/seed/33850/100,false,127,63,28,3,false,,
Mylene.Feeney23,https://picsum.photos/seed/33900/100,true,105,33,44,15,false,,
Pietro4,https://picsum.photos/seed/33950/100,false,50,35,48,9,false,,
Salvatore_Jacobson82,https://picsum.photos/seed/34000/100,true,187,139,40,14,false,,
Jovani_Heathcote,https://picsum.photos/seed/34050/100,false,4,3,37,6,false,,
Loyce44,https://picsum.photos/seed/34100/100,true,127,75,24,15,true,17,"If we override the port, we can get to the SMS pixel through the bluetooth SDD array!"
Maggie95,https://picsum.photos/seed/34150/100,false,132,131,11,2,false,,
Josie22,https://picsum.photos/seed/34200/100,true,89,70,27,4,true,42,You can't generate the capacitor without compressing the online EXE bandwidth!
Loyal35,https://picsum.photos/seed/34250/100,false,96,34,25,6,false,,
Jeff74,https://picsum.photos/seed/34300/100,true,175,133,17,4,false,,
Laurie_Hansen71,https://picsum.photos/seed/34350/100,true,194,12,11,10,false,,
Jacques39,https://picsum.photos/seed/34400/100,false,151,76,34,13,false,,
Percival.Schmitt,https://picsum.photos/seed/34450/100,true,121,79,9,16,true,83,"The SMS sensor is down, navigate the solid state program so we can navigate the THX pixel!"
Steve68,https://picsum.photos/seed/34500/100,true,135,132,23,12,true,81,You can't generate the feed without compressing the mobile AGP microchip!
Garrett.Labadie,https://picsum.photos/seed/34550/100,true,130,80,29,8,false,,
Loren.Cummerata27,https://picsum.photos/seed/34600/100,false,90,42,47,8,false,,
Lillie_OConnell56,https://picsum.photos/seed/34650/100,true,172,172,1,7,true,5,"If we calculate the system, we can get to the XML transmitter through the digital AGP system!"
Robb_Farrell,https://picsum.photos/seed/34700/100,false,118,11,40,5,false,,
Luz94,https://picsum.photos/seed/34750/100,true,36,31,48,12,false,,
Meggie.Daugherty34,https://picsum.photos/seed/34800/100,false,49,5,45,8,false,,
Vivianne_Rice99,https://picsum.photos/seed/34850/100,true,195,36,33,7,true,90,"Try to connect the PNG circuit, maybe it will quantify the digital system!"
Clement_Kling0,https://picsum.photos/seed/34900/100,true,99,86,36,3,true,84,"parsing the capacitor won't do anything, we need to program the digital SCSI circuit!"
Ida32,https://picsum.photos/seed/34950/100,true,96,61,11,7,false,,
Mittie_Batz60,https://picsum.photos/seed/35000/100,false,200,182,33,13,false,,
Felton.Stoltenberg,https://picsum.photos/seed/35050/100,true,191,108,49,12,true,82,"bypassing the interface won't do anything, we need to compress the online IB hard drive!"
Jennyfer94,https://picsum.photos/seed/35100/100,false,75,58,14,2,false,,
Delphia12,https://picsum.photos/seed/35150/100,false,141,14,26,12,false,,
Kacey_Langosh67,https://picsum.photos/seed/35200/100,false,2,2,39,3,false,,
Tomasa_Spinka,https://picsum.photos/seed/35250/100,false,2,1,36,2,false,,
Javier58,https://picsum.photos/seed/35300/100,false,52,29,11,4,false,,
Kirsten95,https://picsum.photos/seed/35350/100,false,2,2,29,12,false,,
Willie.Klocko31,https://picsum.photos/seed/35400/100,true,151,11,4,13,false,,
Hillard.Willms20,https://picsum.photos/seed/35450/100,false,116,115,28,3,false,,
Catherine_Bartell,https://picsum.photos/seed/35500/100,false,153,108,17,12,false,,
Adrain.Hagenes,https://picsum.photos/seed/35550/100,true,69,15,23,16,false,,
Francesca65,https://picsum.photos/seed/35600/100,true,54,5,44,4,true,48,"The RSS port is down, back up the neural protocol so we can calculate the SAS pixel!"
Clement88,https://picsum.photos/seed/35650/100,false,64,32,20,4,false,,
Amya.Doyle38,https://picsum.photos/seed/35700/100,true,136,27,18,12,true,60,"I'll back up the solid state RAM array, that should program the SQL hard drive!"
Camron.Senger82,https://picsum.photos/seed/35750/100,false,127,98,16,2,false,,
Annabelle71,https://picsum.photos/seed/35800/100,true,196,91,43,15,false,,
Anais22,https://picsum.photos/seed/35850/100,true,44,1,29,5,true,71,We need to navigate the auxiliary USB transmitter!
Yvette_Lebsack9,https://picsum.photos/seed/35900/100,true,1,1,2,2,true,95,"Try to input the XML driver, maybe it will parse the cross-platform monitor!"
Hailey_Stark,https://picsum.photos/seed/35950/100,true,35,21,41,6,false,,
Deon88,https://picsum.photos/seed/36000/100,false,60,51,37,13,false,,
Bill_Denesik72,https://picsum.photos/seed/36050/100,false,124,8,33,16,false,,
Zelda32,https://picsum.photos/seed/36100/100,false,95,62,46,14,false,,
Trent.Gerhold92,https://picsum.photos/seed/36150/100,true,55,12,12,13,true,47,"The SMTP matrix is down, input the optical interface so we can copy the SCSI system!"
Betty_Kiehn,https://picsum.photos/seed/36200/100,true,85,23,13,6,true,24,"connecting the array won't do anything, we need to calculate the auxiliary AGP monitor!"
Laron_Zboncak,https://picsum.photos/seed/36250/100,false,18,4,31,6,false,,
Leonard.Hamill,https://picsum.photos/seed/36300/100,true,122,47,15,7,true,25,You can't bypass the port without indexing the back-end SAS matrix!
Alexandro_Hickle,https://picsum.photos/seed/36350/100,false,10,1,7,6,false,,
Bradly.Nader18,https://picsum.photos/seed/36400/100,false,106,51,27,11,false,,
Anahi.Labadie20,https://picsum.photos/seed/36450/100,true,14,11,47,16,false,,
Royal63,https://picsum.photos/seed/36500/100,true,165,130,28,6,true,36,"Try to program the SDD card, maybe it will input the neural sensor!"
Geoffrey_Pacocha,https://picsum.photos/seed/36550/100,false,84,73,6,8,false,,
Dawn82,https://picsum.photos/seed/36600/100,false,27,20,20,10,false,,
Kaleigh14,https://picsum.photos/seed/36650/100,true,183,13,18,5,false,,
Christophe.Okuneva3,https://picsum.photos/seed/36700/100,true,125,104,14,10,true,9,"Try to hack the PCI feed, maybe it will program the online alarm!"
Oran.Kuhic10,https://picsum.photos/seed/36750/100,false,140,64,30,7,false,,
Sonia_Lueilwitz80,https://picsum.photos/seed/36800/100,true,61,9,24,8,false,,
Katlyn66,https://picsum.photos/seed/36850/100,false,26,22,47,10,false,,
Delphia1,https://picsum.photos/seed/36900/100,true,43,8,6,12,true,90,"If we back up the panel, we can get to the IB program through the online ADP bandwidth!"
Janick.Medhurst11,https://picsum.photos/seed/36950/100,false,165,83,27,8,false,,
Drake.Ratke,https://picsum.photos/seed/37000/100,true,112,75,49,2,false,,
Selena.Jast6,https://picsum.photos/seed/37050/100,true,1,1,19,1,true,16,"I'll input the open-source AI monitor, that should capacitor the RAM microchip!"
Faustino_Boyer34,https://picsum.photos/seed/37100/100,false,23,17,39,15,false,,
Grayson47,https://picsum.photos/seed/37150/100,false,97,3,39,11,false,,
Kolby43,https://picsum.photos/seed/37200/100,true,132,40,44,6,true,93,We need to calculate the solid state AI feed!
Markus54,https://picsum.photos/seed/37250/100,true,182,33,35,14,false,,
Mikel.Yundt,https://picsum.photos/seed/37300/100,true,5,1,38,14,false,,
Alanis_Swift38,https://picsum.photos/seed/37350/100,false,200,111,34,13,false,,
Kassandra.Schmidt,https://picsum.photos/seed/37400/100,false,122,112,7,2,false,,
Dexter.Ebert19,https://picsum.photos/seed/37450/100,true,118,42,24,6,false,,
